Entity_1,Representative_1,Members_1,Countries_1,Ship_To_1,Entity_2,Representative_2,Members_2,Countries_2,Ship_To_2,Confidence,Combined_Name_Length,Ratio,Partial_Ratio,Token_Sort,Token_Set,Total_Ship_To
E000169,INDUSTRIAL TOOLING AND SUPPLY,INDUSTRIAL TOOLING AND SUPPLY,United States Of America,7,E010016,INDUSTRIAL TOOLING SUPPLY,INDUSTRIAL TOOLING SUPPLY,United States Of America,1,High,54,92.6,86.4,92.6,100.0,8
E000316,ENTRUST MANUFACTURING TECHNOLOGIES,ENTRUST MANUFACTURING TECHNOLOGIES,United States Of America,5,E011717,MANUFACTURING TECHNOLOGIES,MANUFACTURING TECHNOLOGIES INC,United States Of America,1,High,60,86.7,100.0,86.7,100.0,6
E001545,AO PRECISION MANUFACTURING,AO PRECISION MANUFACTURING,United States Of America,2,E003265,PRECISION MANUFACTURING,PRECISION MANUFACTURING,United States Of America,2,High,49,93.9,100.0,93.9,100.0,4
E000708,AMERICAN STRUCTURE AND DESIGN,AMERICAN STRUCTURE AND DESIGN,United States Of America,3,E004714,AMERICAN STRUCTURE DESIGN,AMERICAN STRUCTURE & DESIGN,,1,High,54,92.6,87.0,92.6,100.0,4
E001144,PEAK ANALYSIS AUTOMATION,PEAK ANALYSIS AUTOMATION,United States Of America,3,E014128,PEAK ANALYSIS AND AUTOMATION,Peak Analysis and Automation,United States Of America,1,High,52,92.3,83.3,92.3,100.0,4
E000806,CMT INDUSTRIAL SOLUTIONS,CMT INDUSTRIAL SOLUTIONS,United States Of America,3,E010013,INDUSTRIAL SOLUTIONS,INDUSTRIAL SOLUTIONS,United States Of America,1,High,44,90.9,100.0,90.9,100.0,4
E000894,FIRST METALS AND PLASTICS,FIRST METALS AND PLASTICS,United States Of America,3,E008612,FIRST METALS AND PLASTICS TECH,First Metals AND Plastics Tech,United States Of America,1,High,55,90.9,100.0,90.9,100.0,4
E000977,ILLINOIS TOOL WORKS,ILLINOIS TOOL WORKS,United States Of America,3,E010242,ILLINOIS TOOL WORKS ITW,Illinois Tool Works - ITW,United States Of America,1,High,42,90.5,100.0,90.5,100.0,4
E001063,MATTHEWS LUBRICANTS,MATTHEWS LUBRICANTS,United States Of America,3,E012570,MATTHEWS LUBRICANTS SIS,Matthews Lubricants SIS,United States Of America,1,High,42,90.5,100.0,90.5,100.0,4
E001019,KNORR BREMSE,KNORR BREMSE,Germany,3,E010918,KNORR BREMSE S A,KNORR- BREMSE S.A (PTY),,1,High,28,85.7,100.0,85.7,100.0,4
E001451,MACHINING,AG Machining Inc,United States Of America,2,E001634,BC MACHINING,BC MACHINING,United States Of America,2,High,21,85.7,100.0,85.7,100.0,4
E000706,AMERICAN PRODUCTS,AMERICAN PRODUCTS,United States Of America,3,E004713,AMERICAN STEEL PRODUCTS,AMERICAN STEEL PRODUCTS,United States Of America,1,High,40,85.0,74.1,85.0,100.0,4
E001807,CENTRAL TOOL ROOM AND TRAINING CENTRE,CENTRAL TOOL ROOM AND TRAINING CENTRE,,2,E006203,CENTRAL TOOL ROOM TRAINING CENTRE,CENTRAL TOOL ROOM&TRAINING CENTRE,,1,High,70,94.3,87.9,94.3,100.0,3
E003338,RAMBALDINI GINO C,RAMBALDINI GINO C,Italy,2,E014308,RAMBALDINI GINO,RAMBALDINI GINO SRL,,1,High,32,93.8,100.0,93.8,100.0,3
E002383,H AND H MACHINE,H AND H MACHINE,United States Of America,2,E005913,C AND H MACHINE,C AND H MACHINE,United States Of America,1,High,30,93.3,96.6,93.3,100.0,3
E002518,IMR ENGINEERING AND TECHNOLOGIES,IMR ENGINEERING AND TECHNOLOGIES,Brazil,2,E009954,IMR ENGINEERING TECHNOLOGIES,IMR ENGINEERING & TECHNOLOGIES,,1,High,60,93.3,85.7,93.3,100.0,3
E001466,AK INDUSTRIES,AK INDUSTRIES,United States Of America,2,E004489,AK S INDUSTRIES,AK S INDUSTRIES,Poland,1,High,28,92.9,91.7,92.9,100.0,3
E002058,DYNAMIC FITNESS AND STRENGTH,DYNAMIC FITNESS AND STRENGTH,United States Of America,2,E007469,DYNAMIC FITNESS STRENGTH,DYNAMIC FITNESS & STRENGTH,,1,High,52,92.3,83.3,92.3,100.0,3
E002891,METAL CUTTING TECHNOLOGY,METAL CUTTING TECHNOLOGY PTY LTD,Australia,2,E012087,METAL CUTTING TECHNOLOGY P L,METAL CUTTING TECHNOLOGY P/L,,1,High,52,92.3,100.0,92.3,100.0,3
E003627,SOUTHERN PAINT AND POWDER,SOUTHERN PAINT AND POWDER,United States Of America,2,E015553,SOUTHERN PAINT POWDER,SOUTHERN PAINT & POWDER,,1,High,46,91.3,83.3,91.3,100.0,3
E003847,TORNERIA MECCANICA DUCCI,TORNERIA MECCANICA DUCCI,Italy,2,E016516,TORNERIA MECCANICA DUCCI FLLI,TORNERIA MECCANICA DUCCI FLLI SRL,Italy,1,High,53,90.6,100.0,90.6,100.0,3
E003349,RDM INDUSTRIAL PRODUCTS,RDM INDUSTRIAL PRODUCTS INC,United States Of America,2,E010010,INDUSTRIAL PRODUCTS,INDUSTRIAL PRODUCTS CO LLC,United States Of America,1,High,42,90.5,100.0,90.5,100.0,3
E002089,ELECTRO CHEM METAL FINISHING,ELECTRO CHEM METAL FINISHING INC,United States Of America,2,E007698,ELECTRO METAL FINISHING,ELECTRO METAL FINISHING,United States Of America,1,High,51,90.2,82.9,90.2,100.0,3
E003265,PRECISION MANUFACTURING,PRECISION MANUFACTURING,United States Of America,2,E005225,ALBA PRECISION MANUFACTURING,Alba Precision Manufacturing,,1,High,51,90.2,100.0,90.2,100.0,3
E001950,CAROLINA PRECISION MFG,Carolina Precision Mfg,United States Of America,2,E006080,CAROLINA PRECISION,CAROLINA PRECISION,United States Of America,1,High,40,90.0,100.0,90.0,100.0,3
E001957,D AND K POWDER COATING,D AND K POWDER COATING,United States Of America,2,E006943,D K POWDER COATING,D & K POWDER COATING,,1,High,40,90.0,100.0,90.0,100.0,3
E003900,TWINVAC INDUSTRIES,TWINVAC INDUSTRIES,United States Of America,2,E016784,TWINVAC INDUSTRIES PTE,TWINVAC INDUSTRIES PTE LTD,Singapore,1,High,40,90.0,100.0,90.0,100.0,3
E003158,OHIO METALLURGICAL SERVICES,Ohio Metallurgical Services,United States Of America,2,E012126,METALLURGICAL SERVICES,METALLURGICAL SERVICES,United States Of America,1,High,49,89.8,100.0,89.8,100.0,3
E002164,EPIC METALS,Epic Metals Corporation,United States Of America,2,E008121,EPIC METALS FL,Epic Metals Corp FL,,1,High,25,88.0,100.0,88.0,100.0,3
E003262,PRECISION FORGING,PRECISION FORGING,United States Of America,2,E013853,PRECISION FORGING DIES,PRECISION FORGING DIES,United States Of America,1,High,39,87.2,100.0,87.2,100.0,3
E003936,VAC AERO INTERNATIONAL,VAC AERO INTERNATIONAL,Canada,2,E017038,VAC AERO INTERNATIONAL QUEBEC,VAC AERO INTERNATIONAL INC QUEBEC,Canada,1,High,51,86.3,100.0,86.3,100.0,3
E001451,MACHINING,AG Machining Inc,United States Of America,2,E011928,MD MACHINING,MD Machining,,1,High,21,85.7,100.0,85.7,100.0,3
E001756,C HANSEN,C HANSEN,Sweden,2,E009268,HANSEN,HANSEN,Denmark,1,High,14,85.7,100.0,85.7,100.0,3
E001832,CHEMETALL,CHEMETALL,Germany,2,E006302,CHEMETALL US,CHEMETALL US INC,United States Of America,1,High,21,85.7,100.0,85.7,100.0,3
E002865,MECCANICA,MECCANICA,Italy,2,E006755,CP MECCANICA,CP MECCANICA,Italy,1,High,21,85.7,100.0,85.7,100.0,3
E002865,MECCANICA,MECCANICA,Italy,2,E011987,MECCANICA CT,MECCANICA CT,Italy,1,High,21,85.7,100.0,85.7,100.0,3
E003759,TALLERES MECANICOS DALGO,TALLERES MECANICOS DALGO,Spain,2,E016095,TALLERES MECANICOS,TALLERES MECANICOS,Spain,1,High,42,85.7,100.0,85.7,100.0,3
E003760,TALLERES MECANICOS ELKAR,TALLERES MECANICOS ELKAR,Spain,2,E016095,TALLERES MECANICOS,TALLERES MECANICOS,Spain,1,High,42,85.7,100.0,85.7,100.0,3
E003265,PRECISION MANUFACTURING,PRECISION MANUFACTURING,United States Of America,2,E012245,MIDWEST PRECISION MANUFACTURING,MIDWEST PRECISION MANUFACTURING,United States Of America,1,High,54,85.2,100.0,85.2,100.0,3
E003144,ORI DI ALTINI ANNAMARIA E C,ORI DI ALTINI ANNAMARIA E C SAS,Italy,2,E013054,O RI DI ALTINI ANNAMARIA E C,O.RI. DI ALTINI ANNAMARIA E C. SAS,,1,High,55,98.2,98.1,98.2,98.2,3
E006202,CENTRAL TOOL ROOM TRAINING CENTRE MW,CENTRAL TOOL ROOM & TRAINING CENTRE MW,,1,E006203,CENTRAL TOOL ROOM TRAINING CENTRE,CENTRAL TOOL ROOM&TRAINING CENTRE,,1,High,69,95.7,100.0,95.7,100.0,2
E006225,CERTA SZERSZAMKESZITO ES ALKATRESZGYARTO,CERTA SZERSZAMKESZITO ES ALKATRESZGYARTO,,1,E006226,CERTA SZERSZAMKESZITO ES ALKATRESZGYARTO KFT,CERTA Szerszámkészítő és Alkatrészgyártó Kft.,,1,High,84,95.2,100.0,95.2,100.0,2
E005271,B AND B MULTIFLUID DI BONISTALLI FABIO,B AND B MULTIFLUID DI BONISTALLI FABIO,Italy,1,E005288,B B MULTIFLUID DI BONISTALLI FABIO,B&B MULTIFLUID DI BONISTALLI FABIO,,1,High,72,94.4,98.5,94.4,100.0,2
E010687,K AND L GRINDING,K AND L GRINDING INC,United States Of America,1,E011058,L AND L GRINDING,L AND L GRINDING,United States Of America,1,High,32,93.8,96.8,93.8,100.0,2
E011609,MACHINING TECHNOLOGIES,MACHINING TECHNOLOGIES,United States Of America,1,E012498,MT MACHINING TECHNOLOGIES,MT MACHINING TECHNOLOGIES INC,United States Of America,1,High,47,93.6,100.0,93.6,100.0,2
E010271,J J MEDICAL EQUIPMENT SERVICE,"J & J MEDICAL EQUIPMENT SERVICE, LLC.",,1,E010274,J AND J MEDICAL EQUIPMENT SERVICE,J AND J MEDICAL EQUIPMENT SERVICE LLC,United States Of America,1,High,62,93.5,98.2,93.5,100.0,2
E009825,I M MACHINE AND FABRICATION,I & M MACHINE AND FABRICATION,,1,E009826,I AND M MACHINE AND FABRICATION,I AND M MACHINE AND FABRICATION,United States Of America,1,High,58,93.1,98.1,93.1,100.0,2
E007254,DINGTAI SUPER ALLOY ALUMINUM,DINGTAI SUPER ALLOY ALUMINUM,China,1,E007255,DINGTAI SUPER ALLOY ALUMINUM SHIP,DINGTAI SUPER ALLOY ALUMINUM  SHIP,,1,High,61,91.8,100.0,91.8,100.0,2
E005465,BERG ENGINEERING SALES,BERG ENGINEERING & SALES COMPANY,,1,E005466,BERG ENGINEERING AND SALES,BERG ENGINEERING AND SALES COMPANY,United States Of America,1,High,48,91.7,90.0,91.7,100.0,2
E015910,SWEDISH MATCH LIGHTERS B V,SWEDISH MATCH LIGHTERS B.V.,Netherlands,1,E015911,SWEDISH MATCH LIGHTERS,SWEDISH MATCH LIGHTERS BV,Netherlands,1,High,48,91.7,100.0,91.7,100.0,2
E007834,ENERGY SOLUTIONS,ENERGY SOLUTIONS INC,United States Of America,1,E011452,LS ENERGY SOLUTIONS,LS ENERGY SOLUTIONS,United States Of America,1,High,35,91.4,100.0,91.4,100.0,2
E016842,U CHAIN SEMICONDUCTOR,U CHAIN SEMICONDUCTOR,,1,E016843,U CHAIN SEMICONDUCTOR LTC,"U CHAIN SEMICONDUCTOR CO., LTC",,1,High,46,91.3,100.0,91.3,100.0,2
E004357,ADVANCED FORMING RESEARCH,ADVANCED FORMING RESEARCH,United States Of America,1,E004358,ADVANCED FORMING RESEARCH NMIS,ADVANCED FORMING RESEARCH - NMIS,,1,High,55,90.9,100.0,90.9,100.0,2
E008874,GLOBAL MANUFACTURING,GLOBAL MANUFACTURING,Australia,1,E008886,GLOBAL TEK MANUFACTURING,GLOBAL TEK MANUFACTURING,Puerto Rico,1,High,44,90.9,82.4,90.9,100.0,2
E008874,GLOBAL MANUFACTURING,GLOBAL MANUFACTURING,Australia,1,E009838,IAT GLOBAL MANUFACTURING,IAT Global Manufacturing,United States Of America,1,High,44,90.9,100.0,90.9,100.0,2
E010285,J J MACHINE,J J Machine,United States Of America,1,E010299,J N MACHINE,J&N MACHINE,,1,High,22,90.9,90.9,81.8,100.0,2
E013055,OAK ENGINEERING,OAK ENGINEERING,United Kingdom,1,E013320,OAK ENGINEERING CC,Oak Engineering CC,,1,High,33,90.9,100.0,90.9,100.0,2
E005167,AVK INDUSTRIAL PRODUCTS,AVK INDUSTRIAL PRODUCTS,United States Of America,1,E010010,INDUSTRIAL PRODUCTS,INDUSTRIAL PRODUCTS CO LLC,United States Of America,1,High,42,90.5,100.0,90.5,100.0,2
E007849,ENGINEERED PRODUCTS,ENGINEERED PRODUCTS,United States Of America,1,E009956,IMS ENGINEERED PRODUCTS,IMS ENGINEERED PRODUCTS LLC,United States Of America,1,High,42,90.5,100.0,90.5,100.0,2
E006492,EX TEC INDUSTRIES,CO EX TEC INDUSTRIES,Canada,1,E016165,TEC INDUSTRIES,TEC INDUSTRIES,,1,High,31,90.3,100.0,90.3,100.0,2
E005499,BETTER ENGINEERING MFG,BETTER ENGINEERING MFG,United States Of America,1,E005885,BETTER ENGINEERING,Better Engineering,United States Of America,1,High,40,90.0,100.0,90.0,100.0,2
E009985,INDUCTION ENG SERVICES,INDUCTION ENG SERVICES,Malaysia,1,E009986,INDUCTION SERVICES,INDUCTION SERVICES,United States Of America,1,High,40,90.0,77.8,90.0,100.0,2
E010074,INNER MONGOLIA TAILONG,INNER MONGOLIA TAILONG,China,1,E010075,INNER MONGOLIA TAILONG PIPE,INNER MONGOLIA TAILONG PIPE,China,1,High,49,89.8,100.0,89.8,100.0,2
E017107,VARLEY HYDRAULICS,VARLEY HYDRAULICS,United Kingdom,1,E017108,VARLEY HYDRAULICS MWI,VARLEY HYDRAULICS LTD MWI,United Kingdom,1,High,38,89.5,100.0,89.5,100.0,2
E014787,RISK PREMIUM NA,Risk Premium NA,,1,E014789,RISK PREMIUM,Risk Premium SA,,1,High,27,88.9,100.0,88.9,100.0,2
E004132,A AND B PRECAST,A AND B PRECAST,United States Of America,1,E004133,A AND B PRECAST MFG,A AND B Precast Mfg LTD,United States Of America,1,High,34,88.2,100.0,88.2,100.0,2
E007899,EPP EURO PRESS PACK,EPP EURO PRESS PACK SPA,Italy,1,E008008,EURO PRESS PACK,EURO PRESS PACK SPA,Italy,1,High,34,88.2,100.0,88.2,100.0,2
E004403,AEROSPHERES,AEROSPHERES,England,1,E004404,AEROSPHERES UK,AEROSPHERES UK LTD,United Kingdom,1,High,25,88.0,100.0,88.0,100.0,2
E016095,TALLERES MECANICOS,TALLERES MECANICOS,Spain,1,E016098,TALLERES MECANICOS LERA,TALLERES MECANICOS LERA,Spain,1,High,41,87.8,100.0,87.8,100.0,2
E009367,HE YU INDUSTRIAL,HE YU INDUSTRIAL,Taiwan,1,E017771,YU YU INDUSTRIAL,YU YU INDUSTRIAL CO,Taiwan,1,High,32,87.5,93.3,81.2,100.0,2
E016642,TRI STATE PRINTING,TRI STATE PRINTING,United States Of America,1,E015690,STATE PRINTING,STATE PRINTING,United States Of America,1,High,32,87.5,100.0,87.5,100.0,2
E007035,DASHAN METAL TECHNOLOGY SHIP MW,DASHAN METAL TECHNOLOGY SHIP MW,,1,E017840,ZHEJIANG DASHAN METAL TECHNOLOGY SHIP MW,ZHEJIANG DASHAN METAL TECHNOLOGY SHIP MW,,1,High,71,87.3,100.0,87.3,100.0,2
E008783,GEORGE INDUSTRIES,GEORGE INDUSTRIES LLC,United States Of America,1,E008785,GEORGE RISK INDUSTRIES,GEORGE RISK INDUSTRIES,United States Of America,1,High,39,87.2,78.6,87.2,100.0,2
E013909,PRESSURE CAST PRODUCTS,PRESSURE CAST PRODUCTS,United States Of America,1,E013911,PRESSURE PRODUCTS,PRESSURE PRODUCTS,Australia,1,High,39,87.2,75.9,87.2,100.0,2
E010267,INTEX TOOLING TECHNOLOGIES,Intex Tooling Technologies,United States Of America,1,E016820,TOOLING TECHNOLOGIES,Tooling Technologies,United States Of America,1,High,46,87.0,100.0,87.0,100.0,2
E004128,A E ANODIZING,A & E ANODIZING,United States Of America,1,E004134,A AND E ANODIZING,A AND E ANODIZING,United States Of America,1,High,30,86.7,96.0,86.7,100.0,2
E011599,MACHINE PRODUCTS,MACHINE PRODUCTS,United States Of America,1,E012950,NOVA MACHINE PRODUCTS,NOVA MACHINE PRODUCTS,United States Of America,1,High,37,86.5,100.0,86.5,100.0,2
E011599,MACHINE PRODUCTS,MACHINE PRODUCTS,United States Of America,1,E014315,RAND MACHINE PRODUCTS,RAND MACHINE PRODUCTS,United States Of America,1,High,37,86.5,100.0,86.5,100.0,2
E017424,WEST ENGINEERING,WEST ENGINEERING CO INC,United States Of America,1,E017646,WEST RAND ENGINEERING,West Rand Engineering (Pty) Ltd,,1,High,37,86.5,85.7,86.5,100.0,2
E011609,MACHINING TECHNOLOGIES,MACHINING TECHNOLOGIES,United States Of America,1,E012567,MATRIX MACHINING TECHNOLOGIES,Matrix Machining Technologies,United States Of America,1,High,51,86.3,100.0,86.3,100.0,2
E004349,ADVANCED COATING SYSTEMS,ADVANCED COATING SYSTEMS INC,United States Of America,1,E004504,AL SAUD ADVANCED COATING SYSTEMS,AL SAUD ADVANCED COATING SYSTEMS,,1,High,56,85.7,100.0,85.7,100.0,2
E006447,CLENDENIN BROTHERS HOINT,CLENDENIN BROTHERS INC HOINT,United States Of America,1,E006448,CLENDENIN BROTHERS,CLENDENIN BROTHERS INCORPORATED,United States Of America,1,High,42,85.7,100.0,85.7,100.0,2
E006574,COMMONWEALTH OIL,COMMONWEALTH OIL,Australia,1,E006921,COMMONWEALTH,Commonwealth Inc,United States Of America,1,High,28,85.7,100.0,85.7,100.0,2
E006991,DAMIEN GRAVE,DAMIEN GRAVE,,1,E006992,DAMIEN GRAVE FOC,DAMIEN GRAVE - FOC,,1,High,28,85.7,100.0,85.7,100.0,2
E012455,MOUNTAIN TOP USA,MOUNTAIN TOP USA INC,United States Of America,1,E012613,MOUNTAIN TOP,Mountain Top,Thailand,1,High,28,85.7,100.0,85.7,100.0,2
E009172,H AND H MACHINE SHOP OF RAVENNA,H AND H Machine Shop of Ravenna,United States Of America,1,E009184,H AND H MACHINE RAVENNA,H and H Machine Ravenna,United States Of America,1,High,54,85.2,82.1,85.2,100.0,2
E013105,OGX INDUSTRIAL SUPPLIES SDN BHD,OGX INDUSTRIAL SUPPLIES SDN BHD,Malaysia,1,E013106,OGX INDUSTRIAL SUPPLIES,OGX Industrial Supplies,,1,High,54,85.2,100.0,85.2,100.0,2
E005558,BISON METAL TECHNOLOGIES,BISON METAL TECHNOLOGIES LLC,United States Of America,1,E005559,BISON METALS TECHNOLOGIES,BISON METALS TECHNOLOGIES LLC,United States Of America,1,High,49,98.0,95.8,98.0,98.0,2
E002363,GROUP,GROUP,United States Of America,2,E000030,C U GROUP,C&U GROUP,China,20,Medium,14,71.4,100.0,71.4,100.0,22
E000032,HNI GLOBAL,HNI GLOBAL,United States Of America,20,E008869,GLOBAL,GLOBAL,Italy,1,Medium,16,75.0,100.0,75.0,100.0,21
E000151,ROLLER BEARING,ROLLER BEARING,United States Of America,8,E000707,AMERICAN ROLLER BEARING,AMERICAN ROLLER BEARING,United States Of America,3,Medium,37,75.7,100.0,75.7,100.0,11
E000127,REIFENHAUSER GROUP,REIFENHAUSER GROUP,Germany,9,E014777,REIFENHAUSER,Reifenhauser,Germany,1,Medium,30,80.0,100.0,80.0,100.0,10
E000105,CASH ACCOUNT,CASH ACCOUNT,England,9,E006114,CASH ACCOUNTS,CASH ACCOUNTS,Canada,1,Medium,25,96.0,100.0,96.0,96.0,10
E000148,METALCRAFT,Metalcraft,United States Of America,8,E007036,DATA METALCRAFT,DATA METALCRAFT INC,United States Of America,1,Medium,25,80.0,100.0,80.0,100.0,9
E000148,METALCRAFT,Metalcraft,United States Of America,8,E008866,GLENN METALCRAFT,GLENN METALCRAFT,United States Of America,1,Medium,26,76.9,100.0,76.9,100.0,9
E000148,METALCRAFT,Metalcraft,United States Of America,8,E005336,BANNER METALCRAFT,BANNER METALCRAFT,United States Of America,1,Medium,27,74.1,100.0,74.1,100.0,9
E000162,ELGIN FASTENERS,ELGIN FASTENERS,United States Of America,7,E008114,ELGIN FASTENERS BEREA TFI,Elgin Fasteners Berea TFI,United States Of America,1,Medium,40,75.0,100.0,75.0,100.0,8
E000172,KANTO BUSSAN,KANTO BUSSAN CO,Japan,7,E011030,KANTO BUSSAN FUKUOKA,Kanto Bussan Fukuoka,,1,Medium,32,75.0,100.0,75.0,100.0,8
E000172,KANTO BUSSAN,KANTO BUSSAN CO,Japan,7,E011029,KANTO BUSAN,Kanto Busan,Japan,1,Medium,23,95.7,90.9,95.7,95.7,8
E000228,HUNAN XINJULI MACHINERY,HUNAN XINJULI MACHINERY,China,6,E009707,HUNAN XINJULI,HUNAN XINJULI,China,1,Medium,36,72.2,100.0,72.2,100.0,7
E000553,LINCOLN ELECTRIC,LINCOLN ELECTRIC,United States Of America,4,E002722,LINCOLN ELECTRIC VENDI,LINCOLN ELECTRIC COMPANY VENDI,United States Of America,2,Medium,38,84.2,100.0,84.2,100.0,6
E000295,BUTECH BLISS,BUTECH BLISS,United States Of America,5,E005847,BUTECH BLISS DR 6,BUTECH BLISS INC-DR 6,,1,Medium,29,82.8,100.0,82.8,100.0,6
E000762,BRDR CHRISTENSEN,BRDR CHRISTENSEN,Denmark,3,E000799,CHRISTENSEN,CHRISTENSEN INC,United States Of America,3,Medium,27,81.5,100.0,81.5,100.0,6
E000798,CHRISTENSEN ARMS,CHRISTENSEN ARMS,United States Of America,3,E000799,CHRISTENSEN,CHRISTENSEN INC,United States Of America,3,Medium,27,81.5,100.0,81.5,100.0,6
E000467,CRAIG WIRE PRODUCTS,CRAIG WIRE PRODUCTS,United States Of America,4,E004060,WIRE PRODUCTS,Wire Products,United States Of America,2,Medium,32,81.2,100.0,81.2,100.0,6
E000433,APEL EXTRUSIONS,APEL EXTRUSIONS,Canada,4,E002160,EXTRUSIONS,EXTRUSIONS,United States Of America,2,Medium,25,80.0,100.0,80.0,100.0,6
E000379,PYROTEK,PYROTEK,United States Of America,5,E014117,PYROTEK USA,PYROTEK INC USA,United States Of America,1,Medium,18,77.8,100.0,77.8,100.0,6
E000502,GH GROUP,GH GROUP,Spain,4,E002363,GROUP,GROUP,United States Of America,2,Medium,13,76.9,100.0,76.9,100.0,6
E002363,GROUP,GROUP,United States Of America,2,E000620,RZ GROUP,RZ GROUP,Sweden,4,Medium,13,76.9,100.0,76.9,100.0,6
E000349,KLINGELNBERG,KLINGELNBERG,Germany,5,E010901,KLINGELNBERG AMERICA,KLINGELNBERG AMERICA INC,,1,Medium,32,75.0,100.0,75.0,100.0,6
E000587,NUOVA MECCANICA,NUOVA MECCANICA,Italy,4,E002865,MECCANICA,MECCANICA,Italy,2,Medium,24,75.0,100.0,75.0,100.0,6
E000312,DYNAMICS,DYNAMICS,Brazil,5,E006533,COLOR DYNAMICS,COLOR DYNAMICS INC,United States Of America,1,Medium,22,72.7,100.0,72.7,100.0,6
E000312,DYNAMICS,DYNAMICS,Brazil,5,E015991,STEEL DYNAMICS,Steel Dynamics,United States Of America,1,Medium,22,72.7,100.0,72.7,100.0,6
E000514,HART AND COOLEY,HART AND COOLEY,United States Of America,4,E009320,HART COOLEY,HART & COOLEY,,1,Medium,26,84.6,77.8,84.6,100.0,5
E000636,SLABE MACHINE PRODUCTS,SLABE MACHINE PRODUCTS,United States Of America,4,E011599,MACHINE PRODUCTS,MACHINE PRODUCTS,United States Of America,1,Medium,38,84.2,100.0,84.2,100.0,5
E000959,HTD MACHINING,HTD MACHINING,United States Of America,3,E001451,MACHINING,AG Machining Inc,United States Of America,2,Medium,22,81.8,100.0,81.8,100.0,5
E001061,MAS MECCANICA,MAS MECCANICA,Italy,3,E002865,MECCANICA,MECCANICA,Italy,2,Medium,22,81.8,100.0,81.8,100.0,5
E000478,DOW CHEMICAL,DOW CHEMICAL,United States Of America,4,E006901,CHEMICAL,Chemical Corporation,Wales,1,Medium,20,80.0,100.0,80.0,100.0,5
E000651,T M B,T M B,Italy,4,E016015,T T B,T T B,Italy,1,Medium,10,80.0,80.0,80.0,100.0,5
E000706,AMERICAN PRODUCTS,AMERICAN PRODUCTS,United States Of America,3,E001517,AMERICAN SECURITY PRODUCTS,AMERICAN SECURITY PRODUCTS,United States Of America,2,Medium,43,79.1,74.1,79.1,100.0,5
E001512,AMERICAN ENGINEERED PRODUCTS,AMERICAN ENGINEERED PRODUCTS,United States Of America,2,E000706,AMERICAN PRODUCTS,AMERICAN PRODUCTS,United States Of America,3,Medium,45,75.6,73.3,75.6,100.0,5
E000429,ANA GLOBAL,ANA GLOBAL,United States Of America,4,E008869,GLOBAL,GLOBAL,Italy,1,Medium,16,75.0,100.0,75.0,100.0,5
E000540,JOY GLOBAL,JOY GLOBAL,United States Of America,4,E008869,GLOBAL,GLOBAL,Italy,1,Medium,16,75.0,100.0,75.0,100.0,5
E001202,ROERO MECCANICA,ROERO MECCANICA,Italy,3,E002865,MECCANICA,MECCANICA,Italy,2,Medium,24,75.0,100.0,75.0,100.0,5
E001078,METALURGICA,METALURGICA,Spain,3,E003978,VALOTTO METALURGICA,Valotto Metalurgica,Argentina,2,Medium,30,73.3,100.0,73.3,100.0,5
E000583,NICHIBEI,NICHIBEI,Japan,4,E013036,NICHIBEI CHUBU,Nichibei Chubu,Japan,1,Medium,22,72.7,100.0,72.7,100.0,5
E000556,LUNDBERGS PRESSGJUTERI,LUNDBERGS PRESSGJUTERI,Sweden,4,E011446,PRESSGJUTERI,LP PRESSGJUTERI,Sweden,1,Medium,34,70.6,100.0,70.6,100.0,5
E000656,TATE GLOBAL,TATE GLOBAL CORPORATION,United States Of America,4,E008869,GLOBAL,GLOBAL,Italy,1,Medium,17,70.6,100.0,70.6,100.0,5
E000691,AB METAL CASTERS,AB METAL CASTERS,United States Of America,3,E001387,A B METAL CASTERS,A.B. METAL CASTERS,United States Of America,2,Medium,33,97.0,96.8,97.0,97.0,5
E000993,ISHIKAWA KOSAN,ISHIKAWA KOSAN,Japan,3,E002581,ISHIKAWA KOUSAN,Ishikawa Kousan,,2,Medium,29,96.6,92.9,96.6,96.6,5
E000422,AI INDUSTRIES,AI INDUSTRIES,United States Of America,4,E004938,ARI INDUSTRIES,ARI INDUSTRIES,United States Of America,1,Medium,27,96.3,96.0,96.3,96.3,5
E000507,GRAHAM MACHINELES AND SERVICES,GRAHAM MACHINELES AND SERVICES,Canada,4,E008953,GRAHAM MACHINE SALES AND SERVICES,GRAHAM MACHINE SALES AND SERVICES INC,Canada,1,Medium,63,95.2,90.0,95.2,95.2,5
E001413,ACE SAW SERVICE,ACE SAW SERVICE,United States Of America,2,E003488,SAW SERVICE,SAW SERVICE,United States Of America,2,Medium,26,84.6,100.0,84.6,100.0,4
E001313,TRICO MACHINE PRODUCTS,TRICO MACHINE PRODUCTS,United States Of America,3,E011599,MACHINE PRODUCTS,MACHINE PRODUCTS,United States Of America,1,Medium,38,84.2,100.0,84.2,100.0,4
E000988,INTEGRATED SOLUTIONS,INTEGRATED SOLUTIONS,United States Of America,3,E010107,INTEGRATED MEDICAL SOLUTIONS,INTEGRATED MEDICAL SOLUTIONS,United States Of America,1,Medium,48,83.3,71.0,83.3,100.0,4
E001451,MACHINING,AG Machining Inc,United States Of America,2,E001933,CRI MACHINING,CRI MACHINING,United States Of America,2,Medium,22,81.8,100.0,81.8,100.0,4
E001539,ANSELMI C,ANSELMI & C. SRL,,2,E001540,ANSELMI AND C,ANSELMI AND C SRL,Italy,2,Medium,22,81.8,94.1,81.8,100.0,4
E001078,METALURGICA,METALURGICA,Spain,3,E012140,METALURGICA HAME,METALURGICA HAME,Brazil,1,Medium,27,81.5,100.0,81.5,100.0,4
E000706,AMERICAN PRODUCTS,AMERICAN PRODUCTS,United States Of America,3,E004690,AMERICAN ELECTRO PRODUCTS,AMERICAN ELECTRO PRODUCTS,United States Of America,1,Medium,42,81.0,71.4,81.0,100.0,4
E000919,GENERAL MACHINE PRODUCTS,GENERAL MACHINE PRODUCTS,United States Of America,3,E011599,MACHINE PRODUCTS,MACHINE PRODUCTS,United States Of America,1,Medium,40,80.0,100.0,80.0,100.0,4
E001213,S AND J TUBE,S AND J TUBE,United States Of America,3,E014803,S J TUBE,S & J TUBE,,1,Medium,20,80.0,93.3,80.0,100.0,4
E001752,C E B,C E B,France,2,E001753,C E C,C E C,Italy,2,Medium,10,80.0,88.9,80.0,100.0,4
E000707,AMERICAN ROLLER BEARING,AMERICAN ROLLER BEARING,United States Of America,3,E004709,AMERICAN ROLLER,AMERICAN ROLLER COMPANY,United States Of America,1,Medium,38,78.9,100.0,78.9,100.0,4
E000726,AUTOMATION TOOL AND DIE,AUTOMATION TOOL AND DIE,United States Of America,3,E005149,AUTOMATION TOOL,AUTOMATION TOOL COMPANY,United States Of America,1,Medium,38,78.9,100.0,78.9,100.0,4
E001078,METALURGICA,METALURGICA,Spain,3,E006403,CIOBA METALURGICA,CIOBA METALURGICA,Spain,1,Medium,28,78.6,100.0,78.6,100.0,4
E001078,METALURGICA,METALURGICA,Spain,3,E012139,METALURGICA BIASI,METALURGICA BIASI,Brazil,1,Medium,28,78.6,100.0,78.6,100.0,4
E001151,PETROLIANCE,PETROLIANCE,United States Of America,3,E013595,PETROLIANCE MIAMI,PETROLIANCE LLC MIAMI,United States Of America,1,Medium,28,78.6,100.0,78.6,100.0,4
E001666,BESI MACHINING,BESI MACHINING,United States Of America,2,E001451,MACHINING,AG Machining Inc,United States Of America,2,Medium,23,78.3,100.0,78.3,100.0,4
E002866,MECCANICA KEMA,MECCANICA KEMA,Italy,2,E002865,MECCANICA,MECCANICA,Italy,2,Medium,23,78.3,100.0,78.3,100.0,4
E001306,TOOLING CONCEPTS,TOOLING CONCEPTS,United States Of America,3,E004375,ADVANCED TOOLING CONCEPTS,ADVANCED TOOLING CONCEPTS,United States Of America,1,Medium,41,78.0,100.0,78.0,100.0,4
E004688,AMERICAN APPLIANCE PRODUCTS,AMERICAN APPLIANCE PRODUCTS,United States Of America,1,E000706,AMERICAN PRODUCTS,AMERICAN PRODUCTS,United States Of America,3,Medium,44,77.3,77.4,77.3,100.0,4
E002261,FS GROUP,FS GROUP,United States Of America,2,E002363,GROUP,GROUP,United States Of America,2,Medium,13,76.9,100.0,76.9,100.0,4
E002363,GROUP,GROUP,United States Of America,2,E002735,LK GROUP,LK GROUP,China,2,Medium,13,76.9,100.0,76.9,100.0,4
E002363,GROUP,GROUP,United States Of America,2,E003525,SH GROUP,SH GROUP,China,2,Medium,13,76.9,100.0,76.9,100.0,4
E000862,EFFICIENT MACHINE PRODUCTS,EFFICIENT MACHINE PRODUCTS,United States Of America,3,E011599,MACHINE PRODUCTS,MACHINE PRODUCTS,United States Of America,1,Medium,42,76.2,100.0,76.2,100.0,4
E000730,BACKER EHP,BACKER EHP,Sweden,3,E005294,BACKER,BACKER,United States Of America,1,Medium,16,75.0,100.0,75.0,100.0,4
E003607,SOFLO MACHINING,SOFLO MACHINING,United States Of America,2,E001451,MACHINING,AG Machining Inc,United States Of America,2,Medium,24,75.0,100.0,75.0,100.0,4
E001045,LSI SUPPLY,LSI SUPPLY,Canada,3,E011459,LSI SUPPLY LONDON,LSI SUPPLY INC LONDON,Canada,1,Medium,27,74.1,100.0,74.1,100.0,4
E001140,PACIFIC SUPPLY,PACIFIC SUPPLY,United States Of America,3,E013361,PACIFIC PETROLEUM SUPPLY,PACIFIC PETROLEUM SUPPLY,United States Of America,1,Medium,38,73.7,78.3,73.7,100.0,4
E001248,SKIS ROSSIGNOL,SKIS ROSSIGNOL,France,3,E015415,SKIS ROSSIGNOL DE ESPANA,SKIS ROSSIGNOL DE ESPAÑA,Spain,1,Medium,38,73.7,100.0,73.7,100.0,4
E001349,WALL CONTROL,WALL CONTROL,United States Of America,3,E006682,CONTROL,CONTROL,Germany,1,Medium,19,73.7,100.0,73.7,100.0,4
E000799,CHRISTENSEN,CHRISTENSEN INC,United States Of America,3,E006367,CHRISTENSEN SEATTLE,CHRISTENSEN INC SEATTLE,United States Of America,1,Medium,30,73.3,100.0,73.3,100.0,4
E012141,METALURGICA SCHWARZ,METALURGICA SCHWARZ,Brazil,1,E001078,METALURGICA,METALURGICA,Spain,3,Medium,30,73.3,100.0,73.3,100.0,4
E001210,ROYAL CHEMICAL,ROYAL CHEMICAL,United States Of America,3,E006901,CHEMICAL,Chemical Corporation,Wales,1,Medium,22,72.7,100.0,72.7,100.0,4
E000784,CARPENTER,CARPENTER,United States Of America,3,E006084,CARPENTER CANADA,CARPENTER CANADA,Canada,1,Medium,25,72.0,100.0,72.0,100.0,4
E002162,EMCIEN MACHINING,Emcien Machining,United States Of America,2,E001451,MACHINING,AG Machining Inc,United States Of America,2,Medium,25,72.0,100.0,72.0,100.0,4
E001045,LSI SUPPLY,LSI SUPPLY,Canada,3,E011457,LSI SUPPLY CHATHAM,LSI SUPPLY INC CHATHAM,Canada,1,Medium,28,71.4,100.0,71.4,100.0,4
E001122,NUOVA,NUOVA,Italy,3,E012999,NUOVA TCM,NUOVA TCM SRL,Italy,1,Medium,14,71.4,100.0,71.4,100.0,4
E002337,GMH GROUP,GMH GROUP,Germany,2,E002363,GROUP,GROUP,United States Of America,2,Medium,14,71.4,100.0,71.4,100.0,4
E003563,SIGMA,SIGMA,United States Of America,2,E003584,SIX SIGMA,SIX SIGMA,United States Of America,2,Medium,14,71.4,100.0,71.4,100.0,4
E011460,LSI SUPPLY WINDSOR,LSI SUPPLY INC WINDSOR,Canada,1,E001045,LSI SUPPLY,LSI SUPPLY,Canada,3,Medium,28,71.4,100.0,71.4,100.0,4
E001203,ROLF MULLER,ROLF MULLER,Germany,3,E012516,MULLER,MULLER,Germany,1,Medium,17,70.6,100.0,70.6,100.0,4
E006034,CAP PRODUCTS OF CANADA,CAP PRODUCTS OF CANADA LIMITED,Canada,1,E000775,CAP PRODUCTS,CAP PRODUCTS,Canada,3,Medium,34,70.6,100.0,70.6,100.0,4
E000794,CHARTER MANUFACTURING,CHARTER MANUFACTURING,United States Of America,3,E006099,CARTER MANUFACTURING,CARTER MANUFACTURING,United States Of America,1,Medium,41,97.6,97.4,97.6,97.6,4
E003964,VICTOR INSULATOR,VICTOR INSULATOR INC,United States Of America,2,E003965,VICTOR INSULATORS,VICTOR INSULATORS,United States Of America,2,Medium,33,97.0,100.0,97.0,97.0,4
E001077,METALMECCANICA,METALMECCANICA,Italy,3,E012127,METALMECANICA,METALMECANICA,Argentina,1,Medium,27,96.3,92.3,96.3,96.3,4
E001008,JP INDUSTRIE,JP INDUSTRIE,France,3,E010302,J2P INDUSTRIE,J2P INDUSTRIE,France,1,Medium,25,96.0,95.7,96.0,96.0,4
E002418,HARRISON MANUFACTURING,HARRISON MANUFACTURING,United States Of America,2,E002497,HARRIS MANUFACTURING,Harris Manufacturing,United States Of America,2,Medium,42,95.2,90.0,95.2,95.2,4
E011893,MC MIETH MANUFACTURING,MC MIETH MANUFACTURING,United States Of America,1,E002841,MC MANUFACTURING,MC MANUFACTURING,Canada,2,Medium,38,84.2,93.3,84.2,100.0,3
E002723,LINCOLN MANUFACTURING,LINCOLN MANUFACTURING,United States Of America,2,E011553,LINCOLN MANUFACTURING OF OHIO,Lincoln Manufacturing of Ohio,United States Of America,1,Medium,50,84.0,100.0,84.0,100.0,3
E003265,PRECISION MANUFACTURING,PRECISION MANUFACTURING,United States Of America,2,E006081,CAROLINA PRECISION MANUFACTURING,CAROLINA PRECISION MANUFACTURING,United States Of America,1,Medium,55,83.6,100.0,83.6,100.0,3
E003800,TERMOANDES,TERMOANDES,Argentina,2,E016296,TERMOANDES S A,TERMOANDES S.A.,,1,Medium,24,83.3,100.0,83.3,100.0,3
E002747,LONDON FLUID MANAGEMENT,LONDON FLUID MANAGEMENT,Canada,2,E008388,FLUID MANAGEMENT,FLUID MANAGEMENT,United States Of America,1,Medium,39,82.1,100.0,82.1,100.0,3
E003265,PRECISION MANUFACTURING,PRECISION MANUFACTURING,United States Of America,2,E013867,PRECISION SEALS AND MANUFACTURING,PRECISION SEALS AND MANUFACTURING,United States Of America,1,Medium,56,82.1,76.9,82.1,100.0,3
E001451,MACHINING,AG Machining Inc,United States Of America,2,E004222,ABS MACHINING,ABS MACHINING,Canada,1,Medium,22,81.8,100.0,81.8,100.0,3
E001451,MACHINING,AG Machining Inc,United States Of America,2,E007940,ERM MACHINING,ERM MACHINING,United States Of America,1,Medium,22,81.8,100.0,81.8,100.0,3
E001451,MACHINING,AG Machining Inc,United States Of America,2,E010294,J W MACHINING,J W MACHINING,United States Of America,1,Medium,22,81.8,100.0,81.8,100.0,3
E001451,MACHINING,AG Machining Inc,United States Of America,2,E011920,MCS MACHINING,MCS MACHINING,United States Of America,1,Medium,22,81.8,100.0,81.8,100.0,3
E001451,MACHINING,AG Machining Inc,United States Of America,2,E012977,NTA MACHINING,NTA MACHINING,Malaysia,1,Medium,22,81.8,100.0,81.8,100.0,3
E002862,MECANIQUE,MECANIQUE,France,2,E011963,MECANIQUE CNC,MECANIQUE CNC,Canada,1,Medium,22,81.8,100.0,81.8,100.0,3
E008647,G P MECCANICA,G P MECCANICA,Italy,1,E002865,MECCANICA,MECCANICA,Italy,2,Medium,22,81.8,100.0,81.8,100.0,3
E014079,PTI MACHINING,PTI Machining Inc,United States Of America,1,E001451,MACHINING,AG Machining Inc,United States Of America,2,Medium,22,81.8,100.0,81.8,100.0,3
E016471,TNT MACHINING,TNT MACHINING,United States Of America,1,E001451,MACHINING,AG Machining Inc,United States Of America,2,Medium,22,81.8,100.0,81.8,100.0,3
E003639,SPECIALTEMPRA,SPECIALTEMPRA,Italy,2,E015584,SPECIALTEMPRA S N C,SPECIALTEMPRA S.N.C.,,1,Medium,32,81.2,100.0,81.2,100.0,3
E003640,SPECIALTY MACHINE,SPECIALTY MACHINE,United States Of America,2,E012549,MACHINE SPECIALTY MACHINE,Machine Specialty Machine,United States Of America,1,Medium,42,81.0,100.0,81.0,100.0,3
E001512,AMERICAN ENGINEERED PRODUCTS,AMERICAN ENGINEERED PRODUCTS,United States Of America,2,E007849,ENGINEERED PRODUCTS,ENGINEERED PRODUCTS,United States Of America,1,Medium,47,80.9,100.0,80.9,100.0,3
E002419,HARRY MAJOR MACHINE,HARRY MAJOR MACHINE,United States Of America,2,E009318,HARRY MAJOR MACHINE AND TOOL,HARRY MAJOR MACHINE AND TOOL,United States Of America,1,Medium,47,80.9,100.0,80.9,100.0,3
E001514,AMERICAN INTEGRATED MANUFACTURING,AMERICAN INTEGRATED MANUFACTURING,United States Of America,2,E004697,AMERICAN MANUFACTURING,AMERICAN MANUFACTURING,United States Of America,1,Medium,55,80.0,80.0,80.0,100.0,3
E002160,EXTRUSIONS,EXTRUSIONS,United States Of America,2,E013888,PREM EXTRUSIONS,PREM EXTRUSIONS,India,1,Medium,25,80.0,100.0,80.0,100.0,3
E003449,S T M,S T M,Italy,2,E016016,T T M,T T M,Italy,1,Medium,10,80.0,88.9,80.0,100.0,3
E009314,HARRIS MANUFACTURING SOLUTIONS,HARRIS MANUFACTURING SOLUTIONS,United States Of America,1,E002497,HARRIS MANUFACTURING,Harris Manufacturing,United States Of America,2,Medium,50,80.0,100.0,80.0,100.0,3
E002177,FAIRCHILD INDUSTRIAL PRODUCTS,FAIRCHILD INDUSTRIAL PRODUCTS,United States Of America,2,E010010,INDUSTRIAL PRODUCTS,INDUSTRIAL PRODUCTS CO LLC,United States Of America,1,Medium,48,79.2,100.0,79.2,100.0,3
E003118,OHIO TOOL WORKS,OHIO TOOL WORKS CORPORATION,United States Of America,2,E013115,OHIO TOOL WORKS ASHLAND,OHIO TOOL WORKS - ASHLAND,,1,Medium,38,78.9,100.0,78.9,100.0,3
E009184,H AND H MACHINE RAVENNA,H and H Machine Ravenna,United States Of America,1,E002383,H AND H MACHINE,H AND H MACHINE,United States Of America,2,Medium,38,78.9,100.0,78.9,100.0,3
E009106,GULF MACHINING,GULF MACHINING,United States Of America,1,E001451,MACHINING,AG Machining Inc,United States Of America,2,Medium,23,78.3,100.0,78.3,100.0,3
E003721,SUPERIOR MACHINE,SUPERIOR MACHINE COMPANY,United States Of America,2,E015843,SUPERIOR MACHINE AND TOOL,SUPERIOR MACHINE AND TOOL CO INC,,1,Medium,41,78.0,100.0,78.0,100.0,3
E002091,ELEMENT,ELEMENT,Germany,2,E007716,ELEMENT SIX,ELEMENT SIX,Ireland,1,Medium,18,77.8,100.0,77.8,100.0,3
E009176,H AND R SCREW MACHINE,H AND R SCREW MACHINE,United States Of America,1,E002383,H AND H MACHINE,H AND H MACHINE,United States Of America,2,Medium,36,77.8,69.6,72.2,100.0,3
E002160,EXTRUSIONS,EXTRUSIONS,United States Of America,2,E016544,TOWER EXTRUSIONS,TOWER EXTRUSIONS,United States Of America,1,Medium,26,76.9,100.0,76.9,100.0,3
E002282,G C FULLER MANUFACTURING,G C FULLER MANUFACTURING CO,United States Of America,2,E008646,G MANUFACTURING,G MANUFACTURING,United States Of America,1,Medium,39,76.9,96.6,76.9,100.0,3
E002363,GROUP,GROUP,United States Of America,2,E004382,AE GROUP,AE GROUP,Germany,1,Medium,13,76.9,100.0,76.9,100.0,3
E002363,GROUP,GROUP,United States Of America,2,E014501,RG GROUP,RG GROUP,United States Of America,1,Medium,13,76.9,100.0,76.9,100.0,3
E002363,GROUP,GROUP,United States Of America,2,E015562,SP GROUP,SP GROUP,Singapore,1,Medium,13,76.9,100.0,76.9,100.0,3
E004042,WM PRESS,WM PRESS,United States Of America,2,E013902,PRESS,PRESS,Poland,1,Medium,13,76.9,100.0,76.9,100.0,3
E016699,TROY DESIGN AND MANUFACTURING,TROY DESIGN and MANUFACTURING CO,United States Of America,1,E003880,TROY MANUFACTURING,TROY MANUFACTURING COMPANY,United States Of America,2,Medium,47,76.6,87.5,76.6,100.0,3
E001955,D AND F SCREW,D AND F SCREW,United States Of America,2,E006945,D AND F SCREW MACHINE,D AND F Screw Machine,United States Of America,1,Medium,34,76.5,100.0,76.5,100.0,3
E005778,BRUNNER WIRE PRODUCTS,BRUNNER WIRE PRODUCTS,United States Of America,1,E004060,WIRE PRODUCTS,Wire Products,United States Of America,2,Medium,34,76.5,100.0,76.5,100.0,3
E003711,SUMINISTROS GORBEA,SUMINISTROS GORBEA,Spain,2,E015802,SUMINISTROS,SUMINISTROS,,1,Medium,29,75.9,100.0,75.9,100.0,3
E001604,B F E,B F E,United States Of America,2,E005284,B F,B F,United States Of America,1,Medium,8,75.0,100.0,75.0,100.0,3
E002283,G R C,G R C,Italy,2,E014261,R C,R C,United States Of America,1,Medium,8,75.0,100.0,75.0,100.0,3
E003061,NISSEI,NISSEI CORPORATION,Japan,2,E012858,NISSEI ASB,NISSEI ASB,Japan,1,Medium,16,75.0,100.0,75.0,100.0,3
E003446,S K M TECH,S K M TECH,Thailand,2,E011578,M TECH,M TECH,United States Of America,1,Medium,16,75.0,100.0,75.0,100.0,3
E003803,TERRA UNIVERSAL,TERRA UNIVERSAL,United States Of America,2,E016928,UNIVERSAL,UNIVERSAL,United States Of America,1,Medium,24,75.0,100.0,75.0,100.0,3
E008835,GIMOS MECCANICA,GIMOS MECCANICA,Italy,1,E002865,MECCANICA,MECCANICA,Italy,2,Medium,24,75.0,100.0,75.0,100.0,3
E010269,ISPAT MACHINING,Ispat Machining,India,1,E001451,MACHINING,AG Machining Inc,United States Of America,2,Medium,24,75.0,100.0,75.0,100.0,3
E011310,LIGUR MECCANICA,LIGUR MECCANICA,Italy,1,E002865,MECCANICA,MECCANICA,Italy,2,Medium,24,75.0,100.0,75.0,100.0,3
E013563,PERIN MACHINING,PERIN MACHINING,United States Of America,1,E001451,MACHINING,AG Machining Inc,United States Of America,2,Medium,24,75.0,100.0,75.0,100.0,3
E014236,QUEST MACHINING,QUEST MACHINING,United States Of America,1,E001451,MACHINING,AG Machining Inc,United States Of America,2,Medium,24,75.0,100.0,75.0,100.0,3
E001642,BEIJING RUIDA HONGYUAN,BEIJING RUIDA HONGYUAN,China,2,E005419,BEIJING RUIDA,BEIJING RUIDA,China,1,Medium,35,74.3,100.0,74.3,100.0,3
E002160,EXTRUSIONS,EXTRUSIONS,United States Of America,2,E007745,ELIXIR EXTRUSIONS,ELIXIR EXTRUSIONS,United States Of America,1,Medium,27,74.1,100.0,74.1,100.0,3
E003272,PRECISION WELDING,PRECISION WELDING,United States Of America,2,E013858,PRECISION MACHINE AND WELDING,PRECISION MACHINE AND WELDING INC,,1,Medium,46,73.9,74.1,73.9,100.0,3
E003380,REYNOLDS MACHINERY,REYNOLDS MACHINERY,United States Of America,2,E014496,REYNOLDS TRANSMISSION MACHINERY,REYNOLDS TRANSMISSION MACHINERY,China,1,Medium,49,73.5,75.9,73.5,100.0,3
E002691,LAME,LAME,Italy,2,E007397,DS LAME,DS LAME,Italy,1,Medium,11,72.7,100.0,72.7,100.0,3
E003851,TOWNLEY ENGINEERING AND MANUFACTURING,TOWNLEY ENGINEERING AND MANUFACTURING,United States Of America,2,E016822,TOWNLEY MANUFACTURING,Townley Manufacturing Co,United States Of America,1,Medium,58,72.4,81.1,72.4,100.0,3
E007455,DXP NATIONAL PROCESS EQUIPMENT,DXP NATIONAL PROCESS EQUIPMENT,Canada,1,E003287,PROCESS EQUIPMENT,PROCESS EQUIPMENT,United States Of America,2,Medium,47,72.3,100.0,72.3,100.0,3
E002165,EUCLID UNIVERSAL,Euclid Universal,United States Of America,2,E016928,UNIVERSAL,UNIVERSAL,United States Of America,1,Medium,25,72.0,100.0,72.0,100.0,3
E003919,UNIVERSAL ROBOTS,UNIVERSAL ROBOTS,Denmark,2,E016928,UNIVERSAL,UNIVERSAL,United States Of America,1,Medium,25,72.0,100.0,72.0,100.0,3
E010787,KELLEY MACHINING,KELLEY MACHINING INC,United States Of America,1,E001451,MACHINING,AG Machining Inc,United States Of America,2,Medium,25,72.0,100.0,72.0,100.0,3
E017058,VALLEY MACHINING,VALLEY MACHINING CO,United States Of America,1,E001451,MACHINING,AG Machining Inc,United States Of America,2,Medium,25,72.0,100.0,72.0,100.0,3
E017271,VULCAN MACHINING,VULCAN MACHINING,United States Of America,1,E001451,MACHINING,AG Machining Inc,United States Of America,2,Medium,25,72.0,100.0,72.0,100.0,3
E002160,EXTRUSIONS,EXTRUSIONS,United States Of America,2,E013993,PROFILE EXTRUSIONS,PROFILE EXTRUSIONS,United States Of America,1,Medium,28,71.4,100.0,71.4,100.0,3
E002160,EXTRUSIONS,EXTRUSIONS,United States Of America,2,E017434,WESTERN EXTRUSIONS,WESTERN EXTRUSIONS,United States Of America,1,Medium,28,71.4,100.0,71.4,100.0,3
E003524,SERVICE MACHINE SPECIALTIES,SERVICE MACHINE SPECIALTIES,United States Of America,2,E015119,SERVICE MACHINE,SERVICE MACHINE COMPANY,United States Of America,1,Medium,42,71.4,100.0,71.4,100.0,3
E005596,BLT GROUP,BLT GROUP,United Kingdom,1,E002363,GROUP,GROUP,United States Of America,2,Medium,14,71.4,100.0,71.4,100.0,3
E013362,PACIFIC PRECISION FORGING 88 88,PACIFIC PRECISION FORGING (88/88),,1,E003262,PRECISION FORGING,PRECISION FORGING,United States Of America,2,Medium,48,70.8,100.0,70.8,100.0,3
E002331,GLOBAL PCCI,GLOBAL PCCI,United States Of America,2,E008869,GLOBAL,GLOBAL,Italy,1,Medium,17,70.6,100.0,70.6,100.0,3
E002341,GOLDEN GATE,GOLDEN GATE,United States Of America,2,E008919,GOLDEN,GOLDEN,Mexico,1,Medium,17,70.6,100.0,70.6,100.0,3
E002585,JACOBS,JACOBS,United States Of America,2,E006061,CARL JACOBS,CARL JACOBS,Germany,1,Medium,17,70.6,100.0,70.6,100.0,3
E002828,MATRIX,MATRIX,Spain,2,E012568,MATRIX TOOL,Matrix Tool,United States Of America,1,Medium,17,70.6,100.0,70.6,100.0,3
E003987,WALTER,WALTER,Germany,2,E017316,WALTER PACK,WALTER PACK,Spain,1,Medium,17,70.6,100.0,70.6,100.0,3
E003261,PRECISION ENGINEERED PRODUCTS GROUP,PRECISION ENGINEERED PRODUCTS GROUP,United States Of America,2,E007849,ENGINEERED PRODUCTS,ENGINEERED PRODUCTS,United States Of America,1,Medium,54,70.4,100.0,70.4,100.0,3
E001943,CUSTOM DESIGN COMPONENTS,CUSTOM DESIGN COMPONENTS,United States Of America,2,E006842,CUSTOM DESIGN,CUSTOM DESIGN,United States Of America,1,Medium,37,70.3,100.0,70.3,100.0,3
E001791,CASCADE,CASCADE,United States Of America,2,E006110,CASCADE DARRA,CASCADE DARRA,,1,Medium,20,70.0,100.0,70.0,100.0,3
E003134,ONTARIO,ONTARIO,Canada,2,E013331,ONTARIO POWER,Ontario Power PLC,Canada,1,Medium,20,70.0,100.0,70.0,100.0,3
E003156,OWENS CORNING,OWENS CORNING,United States Of America,2,E006722,CORNING,CORNING,United States Of America,1,Medium,20,70.0,100.0,70.0,100.0,3
E001972,DAUPHIN PRECISION TOOL,DAUPHIN PRECISION TOOL,United States Of America,2,E007043,DAUPHIN PRECISION TOOLS,DAUPHIN PRECISION TOOLS,United States Of America,1,Medium,45,97.8,100.0,97.8,97.8,3
E002578,IWIS DRIVE SYSTEMS,IWIS DRIVE SYSTEMS,Germany,2,E010233,IWIS DRIVE SYSTEM,IWIS Drive System,United States Of America,1,Medium,35,97.1,100.0,97.1,97.1,3
E002841,MC MANUFACTURING,MC MANUFACTURING,Canada,2,E011895,MC3 MANUFACTURING,MC3 MANUFACTURING,Canada,1,Medium,33,97.0,93.8,97.0,97.0,3
E002841,MC MANUFACTURING,MC MANUFACTURING,Canada,2,E012344,MKC MANUFACTURING,MKC MANUFACTURING,United States Of America,1,Medium,33,97.0,96.8,97.0,97.0,3
E002051,DUBOIS CHEMICAL,DUBOIS CHEMICAL,United States Of America,2,E007410,DUBOIS CHEMICALS,DUBOIS CHEMICALS INC,United States Of America,1,Medium,31,96.8,100.0,96.8,96.8,3
E001441,AE BLAKE SALES,AE BLAKE SALES,United States Of America,2,E004159,A E BLAKE SALES,A.E. BLAKE SALES,United States Of America,1,Medium,29,96.6,96.3,89.7,96.6,3
E001466,AK INDUSTRIES,AK INDUSTRIES,United States Of America,2,E004278,ACK INDUSTRIES,ACK INDUSTRIES,United States Of America,1,Medium,27,96.3,96.0,96.3,96.3,3
E002708,LEMVIGH MULLER,LEMVIGH MULLER,Denmark,2,E011239,LEMVIGHMULLER,LEMVIGHMÜLLER,Denmark,1,Medium,27,96.3,92.3,96.3,96.3,3
E002715,LES INDUSTRIES,LES INDUSTRIES,Canada,2,E011453,LS INDUSTRIES,LS INDUSTRIES,United States Of America,1,Medium,27,96.3,96.0,96.3,96.3,3
E004131,A AND A MACHINE AND FABRICATION,A AND A MACHINE AND FABRICATION,United States Of America,1,E003708,STULLS MACHINE AND FABRICATION,STULLS MACHINE AND FABRICATION,United States Of America,2,Medium,61,78.7,88.9,75.4,95.8,3
E002840,MB USINAGEM,MB USINAGEM,Brazil,2,E011585,MAB USINAGEM,MAB USINAGEM,Brazil,1,Medium,23,95.7,95.2,95.7,95.7,3
E001807,CENTRAL TOOL ROOM AND TRAINING CENTRE,CENTRAL TOOL ROOM AND TRAINING CENTRE,,2,E006202,CENTRAL TOOL ROOM TRAINING CENTRE MW,CENTRAL TOOL ROOM & TRAINING CENTRE MW,,1,Medium,73,90.4,88.9,90.4,95.7,3
E003204,PETERSON HEAT TREATING,PETERSON HEAT TREATING,United States Of America,2,E013580,PETERS HEAT TREATING,PETERS HEAT TREATING,United States Of America,1,Medium,42,95.2,90.0,95.2,95.2,3
E010282,J H BENNETT,J H BENNETT & CO,,1,E010283,J H BENNETT AND,J H BENNETT AND CO,United States Of America,1,Medium,26,84.6,100.0,84.6,100.0,2
E010010,INDUSTRIAL PRODUCTS,INDUSTRIAL PRODUCTS CO LLC,United States Of America,1,E017041,VACUUM INDUSTRIAL PRODUCTS,VACUUM INDUSTRIAL PRODUCTS,United States Of America,1,Medium,45,84.4,100.0,84.4,100.0,2
E013852,PRECISION FINISHING,PRECISION FINISHING,United States Of America,1,E013874,PRECISION VALLEY FINISHING,PRECISION VALLEY FINISHING,United States Of America,1,Medium,45,84.4,71.0,84.4,100.0,2
E005455,BENNETT HEAT TREATING,BENNETT HEAT TREATING,United States Of America,1,E005456,BENNETT HEAT TREATING BRAZING,BENNETT HEAT TREATING BRAZING CO,United States Of America,1,Medium,50,84.0,100.0,84.0,100.0,2
E012101,METAL TECH,METAL TECH,Northern Ireland,1,E012102,METAL TECH MFG,METAL TECH MFG CO,,1,Medium,24,83.3,100.0,83.3,100.0,2
E013539,PENTAIR FLOW TECHNOLOGIES BLACKHAWK,PENTAIR FLOW TECHNOLOGIES CO BLACKHAWK,United States Of America,1,E013540,PENTAIR FLOW TECHNOLOGIES,PENTAIR FLOW TECHNOLOGIES LLC,,1,Medium,60,83.3,100.0,83.3,100.0,2
E015252,SHAW INDUSTRIES,SHAW INDUSTRIES,United States Of America,1,E015965,SHAW ALMEX INDUSTRIES,Shaw Almex Industries Ltd,Canada,1,Medium,36,83.3,84.6,83.3,100.0,2
E004663,ALUMINIO DE BAJA CALIFORNIA,ALUMINIO DE BAJA CALIFORNIA,Mexico,1,E012987,NU ALUMINIO DE BAJA CALIFORNIA MONFERR,NU-ALUMINIO DE BAJA CALIFORNIA - MONFERR,,1,Medium,65,83.1,100.0,83.1,100.0,2
E015219,SHANGHAI TONGZHONG THERMAL TECHNOLOGY,SHANGHAI TONGZHONG THERMAL TECHNOLOGY,China,1,E015964,SHANGHAI TONGZHONG THERMAL TECHNOLOGY TAICANG BRANCH,Shanghai Tongzhong Thermal Technology Co Ltd Taicang Branch,China,1,Medium,89,83.1,100.0,83.1,100.0,2
E007141,DENNIS JONES ENGINEERING,DENNIS JONES ENGINEERING,Australia,1,E010564,JONES ENGINEERING,JONES ENGINEERING,United States Of America,1,Medium,41,82.9,100.0,82.9,100.0,2
E014786,RISK PREMIUM EMEA,Risk Premium EMEA,,1,E014789,RISK PREMIUM,Risk Premium SA,,1,Medium,29,82.8,100.0,82.8,100.0,2
E010010,INDUSTRIAL PRODUCTS,INDUSTRIAL PRODUCTS CO LLC,United States Of America,1,E011570,M AND G INDUSTRIAL PRODUCTS,M AND G INDUSTRIAL PRODUCTS LLC,United States Of America,1,Medium,46,82.6,100.0,82.6,100.0,2
E017770,YU MING INDUSTRIAL,YU MING INDUSTRIAL,Taiwan,1,E017771,YU YU INDUSTRIAL,YU YU INDUSTRIAL CO,Taiwan,1,Medium,34,82.4,81.5,82.4,100.0,2
E010272,J AND C TOOL AND DIE,J AND C TOOL AND DIE,Canada,1,E010298,J C TOOL AND DIE CC,J&C Tool and Die cc,,1,Medium,39,82.1,88.2,87.2,100.0,2
E010013,INDUSTRIAL SOLUTIONS,INDUSTRIAL SOLUTIONS,United States Of America,1,E012660,NANOTECH INDUSTRIAL SOLUTIONS,NANOTECH INDUSTRIAL SOLUTIONS,United States Of America,1,Medium,49,81.6,100.0,81.6,100.0,2
E004945,ARIM COMPONENTES,ARIM COMPONENTES,Brazil,1,E006593,COMPONENTES,COMPONENTES,Spain,1,Medium,27,81.5,100.0,81.5,100.0,2
E007690,ELECTRIC MOTOR SALES AND SERVICE,ELECTRIC MOTOR SALES AND SERVICE,United States Of America,1,E007691,ELECTRIC MOTOR SERVICE,ELECTRIC MOTOR SERVICE,Canada,1,Medium,54,81.5,84.2,81.5,100.0,2
E008389,FLUID POWER,FLUID POWER,United States Of America,1,E010811,KENT FLUID POWER,KENT FLUID POWER,United States Of America,1,Medium,27,81.5,100.0,81.5,100.0,2
E009638,HOYA OPTICS,HOYA OPTICS,Japan,1,E009810,HOYA HILL OPTICS,Hoya Hill Optics SA Pty Ltd,South Africa,1,Medium,27,81.5,77.8,81.5,100.0,2
E013854,PRECISION FRAMING SYSTEMS,PRECISION FRAMING SYSTEMS,United States Of America,1,E013870,PRECISION SYSTEMS,PRECISION SYSTEMS,United States Of America,1,Medium,42,81.0,74.1,81.0,100.0,2
E017482,WHITTLE AND NEHER,WHITTLE AND NEHER COMPANY,United States Of America,1,E017649,WHITTLE AND NEHER SYSTEMS,Whittle AND Neher Systems,United States Of America,1,Medium,42,81.0,100.0,81.0,100.0,2
E005087,ATLANTIC ENGINEERED PRODUCTS,ATLANTIC ENGINEERED PRODUCTS,United States Of America,1,E007849,ENGINEERED PRODUCTS,ENGINEERED PRODUCTS,United States Of America,1,Medium,47,80.9,100.0,80.9,100.0,2
E013890,PREMIER DIE CASTING,PREMIER DIE CASTING,United States Of America,1,E013897,PREMIER TOOL AND DIE CASTING,PREMIER TOOL AND DIE CASTING CORP,United States Of America,1,Medium,47,80.9,77.4,80.9,100.0,2
E004406,AEROTECH,AEROTECH,United States Of America,1,E007060,DCI AEROTECH,DCI AEROTECH,United States Of America,1,Medium,20,80.0,100.0,80.0,100.0,2
E005789,BSANDB SAFETY SYSTEMS,BSANDB SAFETY SYSTEMS,United States Of America,1,E014844,SAFETY SYSTEMS,SAFETY SYSTEMS,United Kingdom,1,Medium,35,80.0,100.0,80.0,100.0,2
E006125,CASTINGS,CASTINGS,United Kingdom,1,E012483,MRT CASTINGS,MRT CASTINGS,United Kingdom,1,Medium,20,80.0,100.0,80.0,100.0,2
E009993,INDUSTRIAL CHEMICALS,INDUSTRIAL CHEMICALS,,1,E009994,INDUSTRIAL CHEMICALS SEE832835,INDUSTRIAL CHEMICALS see832835,United States Of America,1,Medium,50,80.0,100.0,80.0,100.0,2
E012928,NORTHERN WINGS,NORTHERN WINGS,,1,E012929,NORTHERN WINGS REPAIR,NORTHERN WINGS REPAIR INC,United States Of America,1,Medium,35,80.0,100.0,80.0,100.0,2
E013869,PRECISION STAMPING AND TOOL,PRECISION STAMPING AND TOOL INC,United States Of America,1,E014162,PRECISION STAMPING,Precision Stamping,Canada,1,Medium,45,80.0,100.0,80.0,100.0,2
E013871,PRECISION TOOL AND STAMPING,PRECISION TOOL AND STAMPING,United States Of America,1,E014162,PRECISION STAMPING,Precision Stamping,Canada,1,Medium,45,80.0,75.9,80.0,100.0,2
E014165,PREMIER MACHINE PRODUCTS,Premier Machine Products Inc,United States Of America,1,E011599,MACHINE PRODUCTS,MACHINE PRODUCTS,United States Of America,1,Medium,40,80.0,100.0,80.0,100.0,2
E014251,QUALITY MACHINE PRODUCTS,Quality Machine Products,United States Of America,1,E011599,MACHINE PRODUCTS,MACHINE PRODUCTS,United States Of America,1,Medium,40,80.0,100.0,80.0,100.0,2
E014785,RISK PREMIUM CHINA,Risk Premium China,,1,E014789,RISK PREMIUM,Risk Premium SA,,1,Medium,30,80.0,100.0,80.0,100.0,2
E016095,TALLERES MECANICOS,TALLERES MECANICOS,Spain,1,E016097,TALLERES MECANICOS BIANDITZ,TALLERES MECANICOS BIANDITZ,Spain,1,Medium,45,80.0,100.0,80.0,100.0,2
E017650,WILSONS MACHINE PRODUCTS,Wilsons Machine Products,United States Of America,1,E011599,MACHINE PRODUCTS,MACHINE PRODUCTS,United States Of America,1,Medium,40,80.0,100.0,80.0,100.0,2
E010160,INVESTMENT TOOLING INTERNATIONAL,INVESTMENT TOOLING INTERNATIONAL,United States Of America,1,E016501,TOOLING INTERNATIONAL,TOOLING INTERNATIONAL,United States Of America,1,Medium,53,79.2,100.0,79.2,100.0,2
E005998,CANADA FORGINGS,CANADA FORGINGS,Canada,1,E005999,CANADA FORGINGS TRU CAN,CANADA FORGINGS INC TRU CAN,Canada,1,Medium,38,78.9,100.0,78.9,100.0,2
E006044,CARAN PRECISION ENG MFG,CARAN PRECISION ENG MFG,United States Of America,1,E006043,CARAN PRECISION,CARAN PRECISION,United States Of America,1,Medium,38,78.9,100.0,78.9,100.0,2
E004973,ARROW METAL,ARROW METAL,United States Of America,1,E004975,ARROW SHEET METAL,ARROW SHEET METAL,United States Of America,1,Medium,28,78.6,72.7,78.6,100.0,2
E009993,INDUSTRIAL CHEMICALS,INDUSTRIAL CHEMICALS,,1,E010002,INDUSTRIAL ESTERS AND CHEMICALS,INDUSTRIAL ESTERS AND CHEMICALS,India,1,Medium,51,78.4,78.8,78.4,100.0,2
E010013,INDUSTRIAL SOLUTIONS,INDUSTRIAL SOLUTIONS,United States Of America,1,E012731,NEAR NORTH INDUSTRIAL SOLUTIONS,NEAR NORTH INDUSTRIAL SOLUTIONS,Canada,1,Medium,51,78.4,100.0,78.4,100.0,2
E005454,BENNETT,BENNETT,United States Of America,1,E010282,J H BENNETT,J H BENNETT & CO,,1,Medium,18,77.8,100.0,77.8,100.0,2
E006516,COINING,COINING INC,United States Of America,1,E006517,COINING MFG,COINING MFG LLC,United States Of America,1,Medium,18,77.8,100.0,77.8,100.0,2
E006682,CONTROL,CONTROL,Germany,1,E017603,WTB CONTROL,WTB CONTROL,United States Of America,1,Medium,18,77.8,100.0,77.8,100.0,2
E006698,COP PRECIZO,COP PRECIZO,Poland,1,E013879,PRECIZO,PRECIZO,Poland,1,Medium,18,77.8,100.0,77.8,100.0,2
E006722,CORNING,CORNING,United States Of America,1,E007353,DOW CORNING,DOW CORNING,United States Of America,1,Medium,18,77.8,100.0,77.8,100.0,2
E011061,L AND M TOOL,L AND M TOOL,United States Of America,1,E011070,L AND M TOOL SUPPLY,L and M Tool Supply,United States Of America,1,Medium,31,77.4,100.0,77.4,100.0,2
E011360,LLOYD AND JONES ENGINEERING,LLOYD AND JONES ENGINEERING,United Kingdom,1,E010564,JONES ENGINEERING,JONES ENGINEERING,United States Of America,1,Medium,44,77.3,100.0,77.3,100.0,2
E006754,COZZI,COZZI,Italy,1,E007197,DI COZZI,DI COZZI,Italy,1,Medium,13,76.9,100.0,76.9,100.0,2
E012022,MEIJI,MEIJI,,1,E012023,MEIJI UK,MEIJI UK LTD,England,1,Medium,13,76.9,100.0,76.9,100.0,2
E015244,SHAPE,SHAPE CORP,United States Of America,1,E015245,SHAPE CZ,SHAPE CORP CZ,,1,Medium,13,76.9,100.0,76.9,100.0,2
E016095,TALLERES MECANICOS,TALLERES MECANICOS,Spain,1,E016099,TALLERES MECANICOS SOPUERTASL,TALLERES MECANICOS SOPUERTASL,Spain,1,Medium,47,76.6,100.0,76.6,100.0,2
E009374,HEAT TREATERS,HEAT TREATERS,United States Of America,1,E013567,PERMIAN HEAT TREATERS,PERMIAN HEAT TREATERS,United States Of America,1,Medium,34,76.5,100.0,76.5,100.0,2
E005269,B AND B MANUFACTURING AND ASSEMBLY,B AND B MANUFACTURING AND ASSEMBLY,United States Of America,1,E005270,B AND B MANUFACTURING,B AND B MANUFACTURING CO,United States Of America,1,Medium,55,76.4,100.0,76.4,100.0,2
E004778,ANDERSEN,ANDERSEN,United States Of America,1,E012259,MIKE ANDERSEN,MIKE ANDERSEN,Denmark,1,Medium,21,76.2,100.0,76.2,100.0,2
E004884,AQUA CHEMICAL,AQUA CHEMICAL,United States Of America,1,E006901,CHEMICAL,Chemical Corporation,Wales,1,Medium,21,76.2,100.0,76.2,100.0,2
E005141,AUTOMATED MACHINE PRODUCTS,AUTOMATED MACHINE PRODUCTS INC,United States Of America,1,E011599,MACHINE PRODUCTS,MACHINE PRODUCTS,United States Of America,1,Medium,42,76.2,100.0,76.2,100.0,2
E006125,CASTINGS,CASTINGS,United Kingdom,1,E014093,PURE CASTINGS,PURE CASTINGS,United States Of America,1,Medium,21,76.2,100.0,76.2,100.0,2
E006901,CHEMICAL,Chemical Corporation,Wales,1,E011441,LOWE CHEMICAL,LOWE CHEMICAL,United States Of America,1,Medium,21,76.2,100.0,76.2,100.0,2
E006843,CUSTOM FLUID POWER,CUSTOM FLUID POWER,Australia,1,E008389,FLUID POWER,FLUID POWER,United States Of America,1,Medium,29,75.9,100.0,75.9,100.0,2
E006972,DAKOTA FLUID POWER,DAKOTA FLUID POWER,United States Of America,1,E008389,FLUID POWER,FLUID POWER,United States Of America,1,Medium,29,75.9,100.0,75.9,100.0,2
E008389,FLUID POWER,FLUID POWER,United States Of America,1,E011162,LAUREL FLUID POWER,LAUREL FLUID POWER,United States Of America,1,Medium,29,75.9,100.0,75.9,100.0,2
E008389,FLUID POWER,FLUID POWER,United States Of America,1,E013257,ORTMAN FLUID POWER,ORTMAN FLUID POWER,United States Of America,1,Medium,29,75.9,100.0,75.9,100.0,2
E011600,MACHINE SPECIALTY AND MANUFACTURE,MACHINE SPECIALTY AND MANUFACTURE,United States Of America,1,E012549,MACHINE SPECIALTY MACHINE,Machine Specialty Machine,United States Of America,1,Medium,58,75.9,88.9,75.9,100.0,2
E005105,ATRION MEDICAL,ATRION MEDICAL,United States Of America,1,E005258,ATRION MEDICAL PRODUCTS,Atrion Medical Products Inc,United States Of America,1,Medium,37,75.7,100.0,75.7,100.0,2
E007434,DURA BAR METAL SERVICES,DURA BAR METAL SERVICES,United States Of America,1,E012099,METAL SERVICES,METAL SERVICES,Australia,1,Medium,37,75.7,100.0,75.7,100.0,2
E016744,TUBE MAC PIPING TECHNOLOGIES,TUBE MAC PIPING TECHNOLOGIES LTD,Canada,1,E016746,TUBE TECHNOLOGIES,TUBE TECHNOLOGIES,United States Of America,1,Medium,45,75.6,86.7,75.6,100.0,2
E004213,ABI DEETAG,ABI LTD DEETAG,Canada,1,E007095,DEETAG,DEETAG LTD,Canada,1,Medium,16,75.0,100.0,75.0,100.0,2
E005282,B C R,B C R,United States Of America,1,E005927,C R,C R,Italy,1,Medium,8,75.0,100.0,75.0,100.0,2
E005426,BEL EXPORT,BEL EXPORT,Brazil,1,E008090,EXPORT,EXPORT CORPORATION,United States Of America,1,Medium,16,75.0,100.0,75.0,100.0,2
E008408,FOCKE AND,FOCKE AND CO,Germany,1,E009476,HH FOCKE AND KG,HH FOCKE GMBH AND CO KG,Germany,1,Medium,24,75.0,100.0,75.0,100.0,2
E008869,GLOBAL,GLOBAL,Italy,1,E009837,IAT GLOBAL,IAT GLOBAL,United States Of America,1,Medium,16,75.0,100.0,75.0,100.0,2
E011517,LUOYANG XINQIANGLIAN,LUOYANG XINQIANGLIAN,China,1,E017708,XINQIANGLIAN,Xinqianglian,,1,Medium,32,75.0,100.0,75.0,100.0,2
E004347,ADVANCED CAST PRODUCTS,ADVANCED CAST PRODUCTS,United States Of America,1,E006119,CAST PRODUCTS,CAST PRODUCTS,United States Of America,1,Medium,35,74.3,100.0,74.3,100.0,2
E013909,PRESSURE CAST PRODUCTS,PRESSURE CAST PRODUCTS,United States Of America,1,E006119,CAST PRODUCTS,CAST PRODUCTS,United States Of America,1,Medium,35,74.3,100.0,74.3,100.0,2
E009514,HINDUSTAN PENCILS,HINDUSTAN PENCILS,India,1,E009515,HINDUSTAN PENCILS PRIVATE MWA,HINDUSTAN PENCILS PRIVATE LIMITED MWA,,1,Medium,46,73.9,100.0,73.9,100.0,2
E007548,EASTERN,EASTERN,United States Of America,1,E007549,EASTERN ACID,EASTERN ACID,Japan,1,Medium,19,73.7,100.0,73.7,100.0,2
E007163,DESIGN CONCEPTS AND ENTERPRISES,DESIGN CONCEPTS AND ENTERPRISES,United States Of America,1,E007164,DESIGN ENTERPRISES,DESIGN ENTERPRISES,United States Of America,1,Medium,49,73.5,83.9,73.5,100.0,2
E016096,TALLERES MECANICOS ARRI S COOPS,TALLERES MECANICOS ARRI S COOPS,Spain,1,E016095,TALLERES MECANICOS,TALLERES MECANICOS,Spain,1,Medium,49,73.5,100.0,73.5,100.0,2
E004441,AGRYMIN COMPONENTES,AGRYMIN COMPONENTES,Spain,1,E006593,COMPONENTES,COMPONENTES,Spain,1,Medium,30,73.3,100.0,73.3,100.0,2
E007148,DEPATIE FLUID POWER,DEPATIE FLUID POWER CO,United States Of America,1,E008389,FLUID POWER,FLUID POWER,United States Of America,1,Medium,30,73.3,100.0,73.3,100.0,2
E008389,FLUID POWER,FLUID POWER,United States Of America,1,E008966,GRANITE FLUID POWER,GRANITE FLUID POWER,United States Of America,1,Medium,30,73.3,100.0,73.3,100.0,2
E013338,P AND G FLUID POWER,P AND G FLUID POWER,United States Of America,1,E008389,FLUID POWER,FLUID POWER,United States Of America,1,Medium,30,73.3,100.0,73.3,100.0,2
E009781,HAMILTON CASTER,Hamilton Caster,United States Of America,1,E009782,HAMILTON CASTER SOUTH DOCK,Hamilton Caster South Dock,United States Of America,1,Medium,41,73.2,100.0,73.2,100.0,2
E004422,AFTON CHEMICAL,AFTON CHEMICAL,United States Of America,1,E006901,CHEMICAL,Chemical Corporation,Wales,1,Medium,22,72.7,100.0,72.7,100.0,2
E006125,CASTINGS,CASTINGS,United Kingdom,1,E010773,KEECH CASTINGS,KEECH CASTINGS,Australia,1,Medium,22,72.7,100.0,72.7,100.0,2
E008883,GLOBAL SCUBA MANUFACTURING OF TEXAS,GLOBAL SCUBA MANUFACTURING OF TEXAS,United States Of America,1,E008874,GLOBAL MANUFACTURING,GLOBAL MANUFACTURING,Australia,1,Medium,55,72.7,80.0,72.7,100.0,2
E012444,MOTOR CASTINGS,MOTOR CASTINGS,United States Of America,1,E006125,CASTINGS,CASTINGS,United Kingdom,1,Medium,22,72.7,100.0,72.7,100.0,2
E012592,MICHAELS TOOL SERVICE,Michaels Tool Service Inc,United States Of America,1,E016495,TOOL SERVICE,TOOL SERVICE,United States Of America,1,Medium,33,72.7,100.0,72.7,100.0,2
E012603,MIYAZAKI,Miyazaki,Japan,1,E012604,MIYAZAKI PAINT,Miyazaki Paint,,1,Medium,22,72.7,100.0,72.7,100.0,2
E013261,OSAKA CHEMICAL,OSAKA CHEMICAL,Japan,1,E006901,CHEMICAL,Chemical Corporation,Wales,1,Medium,22,72.7,100.0,72.7,100.0,2
E014465,REPUBLIC,REPUBLIC INCORPORATED,United States Of America,1,E014780,REPUBLIC STEEL,Republic Steel,United States Of America,1,Medium,22,72.7,100.0,72.7,100.0,2
E016825,TRISTATE PUMP SYSTEMS,TriState Pump Systems,United States Of America,1,E014089,PUMP SYSTEMS,PUMP SYSTEMS,United States Of America,1,Medium,33,72.7,100.0,72.7,100.0,2
E017096,VANGUARD STEEL,VANGUARD STEEL,Canada,1,E017277,VANGUARD,Vanguard,United States Of America,1,Medium,22,72.7,100.0,72.7,100.0,2
E005081,ATI MATERIALS,ATI Materials,United States Of America,1,E005082,ATI SPECIALTY MATERIALS,ATI SPECIALTY MATERIALS,United States Of America,1,Medium,36,72.2,88.0,72.2,100.0,2
E005399,BEACON GASKET,BEACON GASKET,United States Of America,1,E005873,BEACON GASKET AND SEALS,Beacon Gasket and Seals,United States Of America,1,Medium,36,72.2,100.0,72.2,100.0,2
E005903,BRYAN DIE CAST PRODUCTS,Bryan Die-Cast Products Inc.,,1,E006119,CAST PRODUCTS,CAST PRODUCTS,United States Of America,1,Medium,36,72.2,100.0,72.2,100.0,2
E011476,LUBRICANTS UK LTDKERNOW,LUBRICANTS UK LTDKERNOW,United Kingdom,1,E011474,LUBRICANTS UK,LUBRICANTS UK LIMITED,,1,Medium,36,72.2,100.0,72.2,100.0,2
E014506,RHEEM,RHEEM,United States Of America,1,E014781,RHEEM MFG,Rheem MFG,United States Of America,1,Medium,14,71.4,100.0,71.4,100.0,2
E015244,SHAPE,SHAPE CORP,United States Of America,1,E015246,SHAPE WLB,SHAPE WLB,Canada,1,Medium,14,71.4,100.0,71.4,100.0,2
E016347,THAI STANDBY MACHINE PRODUCTS,THAI STANDBY MACHINE PRODUCTS,,1,E011599,MACHINE PRODUCTS,MACHINE PRODUCTS,United States Of America,1,Medium,45,71.1,100.0,71.1,100.0,2
E015982,SOUTHERN FLUID POWER,Southern Fluid Power LLC,United States Of America,1,E008389,FLUID POWER,FLUID POWER,United States Of America,1,Medium,31,71.0,100.0,71.0,100.0,2
E004764,ANCHOR DANLY,ANCHOR DANLY,United States Of America,1,E004765,ANCHOR DANLY CAMBRIDGE,ANCHOR DANLY INC CAMBRIDGE,United States Of America,1,Medium,34,70.6,100.0,70.6,100.0,2
E008090,EXPORT,EXPORT CORPORATION,United States Of America,1,E008133,EXPORT FUEL,Export Fuel Co Inc,United States Of America,1,Medium,17,70.6,100.0,70.6,100.0,2
E014134,PENN MACHINE JOHNSTOWN,Penn Machine Company Johnstown,United States Of America,1,E013528,PENN MACHINE,PENN MACHINE,United States Of America,1,Medium,34,70.6,100.0,70.6,100.0,2
E014256,R AND D CUSTOM MACHINE,R AND D CUSTOM MACHINE,United States Of America,1,E006948,D AND R MACHINE,D AND R MACHINE COMPANY,United States Of America,1,Medium,37,70.3,69.6,81.1,100.0,2
E004339,ADVANCE,ADVANCE,Japan,1,E004341,ADVANCE LIFTS,ADVANCE LIFTS INC,United States Of America,1,Medium,20,70.0,100.0,70.0,100.0,2
E005199,AZTEC PLASTIC,AZTEC PLASTIC,United States Of America,1,E014144,PLASTIC,Plastic,United States Of America,1,Medium,20,70.0,100.0,70.0,100.0,2
E006565,COMMERCIAL OIL,COMMERCIAL OIL CO,United States Of America,1,E006566,COMMERCIAL OIL OF HAMILTON,COMMERCIAL OIL CO OF HAMILTON,Canada,1,Medium,40,70.0,100.0,70.0,100.0,2
E008598,FUZIN PLASTIC,FUZIN PLASTIC,Thailand,1,E014144,PLASTIC,Plastic,United States Of America,1,Medium,20,70.0,100.0,70.0,100.0,2
E009154,GLOBE PIPE HANGER PRODUCTS,Globe Pipe Hanger Products,United States Of America,1,E008888,GLOBE PRODUCTS,GLOBE PRODUCTS CO INC,United States Of America,1,Medium,40,70.0,84.6,70.0,100.0,2
E016336,THAI INDUCTION SERVICE,THAI INDUCTION SERVICE,Thailand,1,E016337,THAI INDUCTIONS SERVICE,THAI INDUCTIONS SERVICE COMPANY LIMITED,,1,Medium,45,97.8,95.5,97.8,97.8,2
E004741,AMPEX METAL PRODUCTS,AMPEX METAL PRODUCTS COMPANY,United States Of America,1,E004862,APEX METAL PRODUCTS,APEX METAL PRODUCTS,United States Of America,1,Medium,39,97.4,97.3,97.4,97.4,2
E013919,PRESTIGE WAREHOUSES,PRESTIGE WAREHOUSES,Canada,1,E014169,PRESTIGE WAREHOUSE,Prestige Warehouse,Canada,1,Medium,37,97.3,100.0,97.3,97.3,2
E011875,MAYER INDUSTRIES,MAYER INDUSTRIES,United States Of America,1,E011876,MAYERI INDUSTRIES,MAYERI INDUSTRIES,United States Of America,1,Medium,33,97.0,93.8,97.0,97.0,2
E007077,DEAN S ANODIZING,DEAN'S ANODIZING,,1,E007078,DEANS ANODIZING,DEANS ANODIZING,United States Of America,1,Medium,31,96.8,93.3,96.8,96.8,2
E013642,PIEDRAS MACHINE,PIEDRAS MACHINE,United States Of America,1,E013643,PIEDRA S MACHINE,PIEDRA’S MACHINE,United States Of America,1,Medium,31,96.8,93.3,96.8,96.8,2
E012121,METALLRYCKNING,METALLRYCKNING,Spain,1,E012123,METALLTRYCKNING,METALLTRYCKNING,Sweden,1,Medium,29,96.6,92.9,96.6,96.6,2
E016162,TE CONNECTIVITY,TE Connectivity,Switzerland,1,E016163,TE CONNECTIVIY,TE Connectiviy,,1,Medium,29,96.6,96.3,96.6,96.6,2
E014594,RM INDUSTRIES,RM INDUSTRIES INC,United States Of America,1,E014598,RMH INDUSTRIES,RMH INDUSTRIES,Canada,1,Medium,27,96.3,92.3,96.3,96.3,2
E004612,ALM PRODUCTS,ALM PRODUCTS,United States Of America,1,E005236,ALMA PRODUCTS,Alma Products,United States Of America,1,Medium,25,96.0,91.7,96.0,96.0,2
E007506,DUPLI SYSTEMS,Dupli Systems,United States Of America,1,E007507,DUPLISYSTEMS,DupliSystems Inc,United States Of America,1,Medium,25,96.0,91.7,96.0,96.0,2
E007873,ENTEC STRACON,ENTEC STRACON,,1,E007874,ENTECSTRACON,ENTECSTRACON GMBH,Germany,1,Medium,25,96.0,91.7,96.0,96.0,2
E016815,TIPPMAN ARMS,Tippman Arms Co LLC,United States Of America,1,E016816,TIPPMANN ARMS,Tippmann Arms Co LLC,United States Of America,1,Medium,25,96.0,91.7,96.0,96.0,2
E015876,SUZHOU MINGQING MACHINERY ELECTRON,SUZHOU MINGQING MACHINERY & ELECTRON,,1,E015877,SUZHOU MINGQING MACHINERY ELECTRONICS,SUZHOU MINGQING MACHINERY & ELECTRONICS,,1,Medium,71,95.8,100.0,95.8,95.8,2
E004131,A AND A MACHINE AND FABRICATION,A AND A MACHINE AND FABRICATION,United States Of America,1,E009826,I AND M MACHINE AND FABRICATION,I AND M MACHINE AND FABRICATION,United States Of America,1,Medium,62,93.5,95.1,87.1,95.8,2
E004131,A AND A MACHINE AND FABRICATION,A AND A MACHINE AND FABRICATION,United States Of America,1,E005650,BOND MACHINE AND FABRICATION,BOND MACHINE AND FABRICATION LLC,United States Of America,1,Medium,59,88.1,92.9,88.1,95.8,2
E004131,A AND A MACHINE AND FABRICATION,A AND A MACHINE AND FABRICATION,United States Of America,1,E009825,I M MACHINE AND FABRICATION,I & M MACHINE AND FABRICATION,,1,Medium,58,86.2,94.3,79.3,95.8,2
E004131,A AND A MACHINE AND FABRICATION,A AND A MACHINE AND FABRICATION,United States Of America,1,E006751,COWETA MACHINE AND FABRICATION,COWETA MACHINE AND FABRICATION,United States Of America,1,Medium,61,82.0,90.9,82.0,95.8,2
E004131,A AND A MACHINE AND FABRICATION,A AND A MACHINE AND FABRICATION,United States Of America,1,E008084,EXPERT MACHINE AND FABRICATION,EXPERT MACHINE AND FABRICATION,United States Of America,1,Medium,61,78.7,88.9,78.7,95.8,2
E007513,E AND R POWDER COATING,E AND R POWDER COATING,United States Of America,1,E014257,R AND L POWDER COATING,R AND L POWDER COATING,United States Of America,1,Medium,44,90.9,93.0,95.5,95.5,2
E017525,WING YING INDUSTRIAL,WING YING INDUSTRIAL,Taiwan,1,E017754,YING MING INDUSTRIAL,YING MING INDUSTRIAL CO,Taiwan,1,Medium,40,90.0,92.3,95.0,95.0,2
